[
{
  "model": "sessions.session",
  "pk": "6ddxesqofgtyuafqo42wqxz7ledh5juy",
  "fields": {
    "session_data": "NDAwMWI3NjAyMGM5YTJhODM2NjBhMTQ0MjliNTA4MjkxYWYxN2ZjMTp7Il9hdXRoX3VzZXJfaWQiOiIxIiwiX2F1dGhfdXNlcl9iYWNrZW5kIjoiZGphbmdvLmNvbnRyaWIuYXV0aC5iYWNrZW5kcy5Nb2RlbEJhY2tlbmQiLCJfYXV0aF91c2VyX2hhc2giOiIyYTM4ZTZjZTI1MWQyMDNiMWIzMjc5MDkzYWJmMmZjMTkzOWMzZDE0In0=",
    "expire_date": "2019-02-21T20:14:42.437Z"
  }
},
{
  "model": "sessions.session",
  "pk": "6k7rq4kgnslfq3i5cycfnlz2c6lgm6v4",
  "fields": {
    "session_data": "NDAwMWI3NjAyMGM5YTJhODM2NjBhMTQ0MjliNTA4MjkxYWYxN2ZjMTp7Il9hdXRoX3VzZXJfaWQiOiIxIiwiX2F1dGhfdXNlcl9iYWNrZW5kIjoiZGphbmdvLmNvbnRyaWIuYXV0aC5iYWNrZW5kcy5Nb2RlbEJhY2tlbmQiLCJfYXV0aF91c2VyX2hhc2giOiIyYTM4ZTZjZTI1MWQyMDNiMWIzMjc5MDkzYWJmMmZjMTkzOWMzZDE0In0=",
    "expire_date": "2019-02-21T20:14:08.734Z"
  }
},
{
  "model": "sessions.session",
  "pk": "i5tkhxtnbtfhjmk1d12h76xz36v92n9n",
  "fields": {
    "session_data": "NDAwMWI3NjAyMGM5YTJhODM2NjBhMTQ0MjliNTA4MjkxYWYxN2ZjMTp7Il9hdXRoX3VzZXJfaWQiOiIxIiwiX2F1dGhfdXNlcl9iYWNrZW5kIjoiZGphbmdvLmNvbnRyaWIuYXV0aC5iYWNrZW5kcy5Nb2RlbEJhY2tlbmQiLCJfYXV0aF91c2VyX2hhc2giOiIyYTM4ZTZjZTI1MWQyMDNiMWIzMjc5MDkzYWJmMmZjMTkzOWMzZDE0In0=",
    "expire_date": "2019-02-21T20:15:23.799Z"
  }
},
{
  "model": "sessions.session",
  "pk": "jyc7t7u49lgx7sddaa7g0b42x104mpvk",
  "fields": {
    "session_data": "NDAwMWI3NjAyMGM5YTJhODM2NjBhMTQ0MjliNTA4MjkxYWYxN2ZjMTp7Il9hdXRoX3VzZXJfaWQiOiIxIiwiX2F1dGhfdXNlcl9iYWNrZW5kIjoiZGphbmdvLmNvbnRyaWIuYXV0aC5iYWNrZW5kcy5Nb2RlbEJhY2tlbmQiLCJfYXV0aF91c2VyX2hhc2giOiIyYTM4ZTZjZTI1MWQyMDNiMWIzMjc5MDkzYWJmMmZjMTkzOWMzZDE0In0=",
    "expire_date": "2019-02-21T20:14:30.877Z"
  }
},
{
  "model": "website.producttype",
  "pk": 1,
  "fields": {
    "name": "Electronics",
    "deletedDate": null
  }
},
{
  "model": "website.producttype",
  "pk": 2,
  "fields": {
    "name": "Furniture",
    "deletedDate": null
  }
},
{
  "model": "website.producttype",
  "pk": 3,
  "fields": {
    "name": "Cars",
    "deletedDate": null
  }
},
{
  "model": "website.producttype",
  "pk": 4,
  "fields": {
    "name": "Books",
    "deletedDate": null
  }
},
{
  "model": "website.producttype",
  "pk": 5,
  "fields": {
    "name": "Computers",
    "deletedDate": null
  }
},
{
  "model": "website.producttype",
  "pk": 6,
  "fields": {
    "name": "Jewelry",
    "deletedDate": null
  }
},
{
  "model": "website.producttype",
  "pk": 7,
  "fields": {
    "name": "Misc",
    "deletedDate": null
  }
},
{
  "model": "website.product",
  "pk": 1,
  "fields": {
    "seller": 5,
    "title": "24K Gold Necklace",
    "description": "A fine piece of jewelry",
    "price": "250.00",
    "quantity": 3,
    "productType": 6,
    "deletedDate": null
  }
},
{
  "model": "website.product",
  "pk": 2,
  "fields": {
    "seller": 2,
    "title": "Ottoman Empire Ottoman",
    "description": "A fine cushion. Redwood legs. Rarely Used.",
    "price": "600.00",
    "quantity": 1,
    "productType": 2,
    "deletedDate": null
  }
},
{
  "model": "website.product",
  "pk": 3,
  "fields": {
    "seller": 9,
    "title": "Bulitt Mustang",
    "description": "1/10 Scale Replica of Steve McQueen's car",
    "price": "150.00",
    "quantity": 10,
    "productType": 3,
    "deletedDate": null
  }
},
{
  "model": "website.product",
  "pk": 4,
  "fields": {
    "seller": 1,
    "title": "The Total Money Makeover",
    "description": "Great financial advice book! I'm rich now and you can be too!",
    "price": "1.00",
    "quantity": 15,
    "productType": 4,
    "deletedDate": null
  }
},
{
  "model": "website.product",
  "pk": 5,
  "fields": {
    "seller": 6,
    "title": "Mid Century Modern Couch",
    "description": "Beautiful orange couch with uncomfortable cushions.",
    "price": "1000.00",
    "quantity": 5,
    "productType": 2,
    "deletedDate": null
  }
},
{
  "model": "website.product",
  "pk": 6,
  "fields": {
    "seller": 9,
    "title": "Genuine Dog Fur",
    "description": "Shedding season is here! Now's your chance to get the freshest dog hair available. \r\nFreshly minted and packaged in Ziploc plastic bags shipped straight to your doorstep.",
    "price": "0.99",
    "quantity": 3,
    "productType": 6,
    "deletedDate": null
  }
},
{
  "model": "website.product",
  "pk": 7,
  "fields": {
    "seller": 1,
    "title": "Amethyst Pendant",
    "description": "Genuine amethyst pendant approximately 1\"w x 1\"h, included with 21\" silver chain",
    "price": "45.00",
    "quantity": 1,
    "productType": 6,
    "deletedDate": null
  }
},
{
  "model": "website.product",
  "pk": 8,
  "fields": {
    "seller": 8,
    "title": "Woof of the Heart",
    "description": "Memoir of Greta von Dachsund. Makes me cry every time. Gently used.",
    "price": "4.00",
    "quantity": 25,
    "productType": 4,
    "deletedDate": null
  }
},
{
  "model": "website.product",
  "pk": 9,
  "fields": {
    "seller": 6,
    "title": "2005 Toyota Tacoma",
    "description": "Runs like a dream.",
    "price": "5000.00",
    "quantity": 1,
    "productType": 3,
    "deletedDate": null
  }
},
{
  "model": "website.product",
  "pk": 10,
  "fields": {
    "seller": 12,
    "title": "Lemon",
    "description": "1982 Dodge Dart",
    "price": "500.00",
    "quantity": 1,
    "productType": 3,
    "deletedDate": null
  }
},
{
  "model": "website.product",
  "pk": 11,
  "fields": {
    "seller": 11,
    "title": "Commodore 86",
    "description": "Vintage Item",
    "price": "1500.00",
    "quantity": 1,
    "productType": 5,
    "deletedDate": null
  }
},
{
  "model": "website.product",
  "pk": 12,
  "fields": {
    "seller": 6,
    "title": "Rave Damsey's Bald Cap",
    "description": "Fit right in at your new company, Rave Damsey! Be part of the crowd! One of us!",
    "price": "0.00",
    "quantity": 1,
    "productType": 7,
    "deletedDate": null
  }
},
{
  "model": "website.product",
  "pk": 13,
  "fields": {
    "seller": 10,
    "title": "Old Banana",
    "description": "I bought a banana last week. I realized I didn't want it today. First come, first serve.",
    "price": "10000.00",
    "quantity": 1,
    "productType": 7,
    "deletedDate": null
  }
},
{
  "model": "website.product",
  "pk": 14,
  "fields": {
    "seller": 4,
    "title": "Master of Puppies",
    "description": "How the master of Heavy Metal pivoted from rock star to dog whisperer. With chapters ranging from \"Bark and Destroy\" and \"Chew 'em All\" to \"Welcome Home (treats are very yum)\" and \"Enter Mailman\", this is an easy read and fun for both heavy metal fans and dog lovers.",
    "price": "87.00",
    "quantity": 10,
    "productType": 4,
    "deletedDate": null
  }
},
{
  "model": "website.paymenttype",
  "pk": 1,
  "fields": {
    "name": "Metallica AMEX",
    "accountNum": 666,
    "buyer": 1,
    "deletedDate": null
  }
},
{
  "model": "website.paymenttype",
  "pk": 2,
  "fields": {
    "name": "Bridgestone Company Card",
    "accountNum": 123123,
    "buyer": 6,
    "deletedDate": null
  }
},
{
  "model": "website.paymenttype",
  "pk": 3,
  "fields": {
    "name": "SEGA Gift Card",
    "accountNum": 123111111,
    "buyer": 2,
    "deletedDate": null
  }
},
{
  "model": "website.paymenttype",
  "pk": 4,
  "fields": {
    "name": "Dog Bone Visa",
    "accountNum": 99988711,
    "buyer": 8,
    "deletedDate": null
  }
},
{
  "model": "website.paymenttype",
  "pk": 5,
  "fields": {
    "name": "MasterCard of Puppets",
    "accountNum": 9282823,
    "buyer": 4,
    "deletedDate": null
  }
},
{
  "model": "website.paymenttype",
  "pk": 6,
  "fields": {
    "name": "Corgi Citibank",
    "accountNum": 773312000,
    "buyer": 9,
    "deletedDate": null
  }
},
{
  "model": "website.paymenttype",
  "pk": 7,
  "fields": {
    "name": "Dad's Discover Card",
    "accountNum": 1812839811,
    "buyer": 11,
    "deletedDate": null
  }
},
{
  "model": "website.paymenttype",
  "pk": 8,
  "fields": {
    "name": "Capital One Card",
    "accountNum": 4419283,
    "buyer": 5,
    "deletedDate": null
  }
},
{
  "model": "website.order",
  "pk": 1,
  "fields": {
    "buyer": 1,
    "paymentType": 1,
    "deletedDate": null
  }
},
{
  "model": "website.order",
  "pk": 2,
  "fields": {
    "buyer": 1,
    "paymentType": 1,
    "deletedDate": null
  }
},
{
  "model": "website.order",
  "pk": 3,
  "fields": {
    "buyer": 2,
    "paymentType": 3,
    "deletedDate": null
  }
},
{
  "model": "website.order",
  "pk": 4,
  "fields": {
    "buyer": 8,
    "paymentType": 4,
    "deletedDate": null
  }
},
{
  "model": "website.order",
  "pk": 5,
  "fields": {
    "buyer": 8,
    "paymentType": 4,
    "deletedDate": null
  }
},
{
  "model": "website.productorder",
  "pk": 1,
  "fields": {
    "product": 2,
    "order": 3
  }
},
{
  "model": "website.productorder",
  "pk": 2,
  "fields": {
    "product": 1,
    "order": 2
  }
},
{
  "model": "website.productorder",
  "pk": 3,
  "fields": {
    "product": 6,
    "order": 4
  }
},
{
  "model": "website.productorder",
  "pk": 4,
  "fields": {
    "product": 6,
    "order": 5
  }
},
{
  "model": "website.productorder",
  "pk": 5,
  "fields": {
    "product": 2,
    "order": 5
  }
},
{
  "model": "auth.permission",
  "pk": 1,
  "fields": {
    "name": "Can add log entry",
    "content_type": 1,
    "codename": "add_logentry"
  }
},
{
  "model": "auth.permission",
  "pk": 2,
  "fields": {
    "name": "Can change log entry",
    "content_type": 1,
    "codename": "change_logentry"
  }
},
{
  "model": "auth.permission",
  "pk": 3,
  "fields": {
    "name": "Can delete log entry",
    "content_type": 1,
    "codename": "delete_logentry"
  }
},
{
  "model": "auth.permission",
  "pk": 4,
  "fields": {
    "name": "Can view log entry",
    "content_type": 1,
    "codename": "view_logentry"
  }
},
{
  "model": "auth.permission",
  "pk": 5,
  "fields": {
    "name": "Can add permission",
    "content_type": 2,
    "codename": "add_permission"
  }
},
{
  "model": "auth.permission",
  "pk": 6,
  "fields": {
    "name": "Can change permission",
    "content_type": 2,
    "codename": "change_permission"
  }
},
{
  "model": "auth.permission",
  "pk": 7,
  "fields": {
    "name": "Can delete permission",
    "content_type": 2,
    "codename": "delete_permission"
  }
},
{
  "model": "auth.permission",
  "pk": 8,
  "fields": {
    "name": "Can view permission",
    "content_type": 2,
    "codename": "view_permission"
  }
},
{
  "model": "auth.permission",
  "pk": 9,
  "fields": {
    "name": "Can add group",
    "content_type": 3,
    "codename": "add_group"
  }
},
{
  "model": "auth.permission",
  "pk": 10,
  "fields": {
    "name": "Can change group",
    "content_type": 3,
    "codename": "change_group"
  }
},
{
  "model": "auth.permission",
  "pk": 11,
  "fields": {
    "name": "Can delete group",
    "content_type": 3,
    "codename": "delete_group"
  }
},
{
  "model": "auth.permission",
  "pk": 12,
  "fields": {
    "name": "Can view group",
    "content_type": 3,
    "codename": "view_group"
  }
},
{
  "model": "auth.permission",
  "pk": 13,
  "fields": {
    "name": "Can add user",
    "content_type": 4,
    "codename": "add_user"
  }
},
{
  "model": "auth.permission",
  "pk": 14,
  "fields": {
    "name": "Can change user",
    "content_type": 4,
    "codename": "change_user"
  }
},
{
  "model": "auth.permission",
  "pk": 15,
  "fields": {
    "name": "Can delete user",
    "content_type": 4,
    "codename": "delete_user"
  }
},
{
  "model": "auth.permission",
  "pk": 16,
  "fields": {
    "name": "Can view user",
    "content_type": 4,
    "codename": "view_user"
  }
},
{
  "model": "auth.permission",
  "pk": 17,
  "fields": {
    "name": "Can add content type",
    "content_type": 5,
    "codename": "add_contenttype"
  }
},
{
  "model": "auth.permission",
  "pk": 18,
  "fields": {
    "name": "Can change content type",
    "content_type": 5,
    "codename": "change_contenttype"
  }
},
{
  "model": "auth.permission",
  "pk": 19,
  "fields": {
    "name": "Can delete content type",
    "content_type": 5,
    "codename": "delete_contenttype"
  }
},
{
  "model": "auth.permission",
  "pk": 20,
  "fields": {
    "name": "Can view content type",
    "content_type": 5,
    "codename": "view_contenttype"
  }
},
{
  "model": "auth.permission",
  "pk": 21,
  "fields": {
    "name": "Can add session",
    "content_type": 6,
    "codename": "add_session"
  }
},
{
  "model": "auth.permission",
  "pk": 22,
  "fields": {
    "name": "Can change session",
    "content_type": 6,
    "codename": "change_session"
  }
},
{
  "model": "auth.permission",
  "pk": 23,
  "fields": {
    "name": "Can delete session",
    "content_type": 6,
    "codename": "delete_session"
  }
},
{
  "model": "auth.permission",
  "pk": 24,
  "fields": {
    "name": "Can view session",
    "content_type": 6,
    "codename": "view_session"
  }
},
{
  "model": "auth.permission",
  "pk": 25,
  "fields": {
    "name": "Can add customer",
    "content_type": 7,
    "codename": "add_customer"
  }
},
{
  "model": "auth.permission",
  "pk": 26,
  "fields": {
    "name": "Can change customer",
    "content_type": 7,
    "codename": "change_customer"
  }
},
{
  "model": "auth.permission",
  "pk": 27,
  "fields": {
    "name": "Can delete customer",
    "content_type": 7,
    "codename": "delete_customer"
  }
},
{
  "model": "auth.permission",
  "pk": 28,
  "fields": {
    "name": "Can view customer",
    "content_type": 7,
    "codename": "view_customer"
  }
},
{
  "model": "auth.permission",
  "pk": 29,
  "fields": {
    "name": "Can add product type",
    "content_type": 8,
    "codename": "add_producttype"
  }
},
{
  "model": "auth.permission",
  "pk": 30,
  "fields": {
    "name": "Can change product type",
    "content_type": 8,
    "codename": "change_producttype"
  }
},
{
  "model": "auth.permission",
  "pk": 31,
  "fields": {
    "name": "Can delete product type",
    "content_type": 8,
    "codename": "delete_producttype"
  }
},
{
  "model": "auth.permission",
  "pk": 32,
  "fields": {
    "name": "Can view product type",
    "content_type": 8,
    "codename": "view_producttype"
  }
},
{
  "model": "auth.permission",
  "pk": 33,
  "fields": {
    "name": "Can add product",
    "content_type": 9,
    "codename": "add_product"
  }
},
{
  "model": "auth.permission",
  "pk": 34,
  "fields": {
    "name": "Can change product",
    "content_type": 9,
    "codename": "change_product"
  }
},
{
  "model": "auth.permission",
  "pk": 35,
  "fields": {
    "name": "Can delete product",
    "content_type": 9,
    "codename": "delete_product"
  }
},
{
  "model": "auth.permission",
  "pk": 36,
  "fields": {
    "name": "Can view product",
    "content_type": 9,
    "codename": "view_product"
  }
},
{
  "model": "auth.permission",
  "pk": 37,
  "fields": {
    "name": "Can add payment type",
    "content_type": 10,
    "codename": "add_paymenttype"
  }
},
{
  "model": "auth.permission",
  "pk": 38,
  "fields": {
    "name": "Can change payment type",
    "content_type": 10,
    "codename": "change_paymenttype"
  }
},
{
  "model": "auth.permission",
  "pk": 39,
  "fields": {
    "name": "Can delete payment type",
    "content_type": 10,
    "codename": "delete_paymenttype"
  }
},
{
  "model": "auth.permission",
  "pk": 40,
  "fields": {
    "name": "Can view payment type",
    "content_type": 10,
    "codename": "view_paymenttype"
  }
},
{
  "model": "auth.permission",
  "pk": 41,
  "fields": {
    "name": "Can add order",
    "content_type": 11,
    "codename": "add_order"
  }
},
{
  "model": "auth.permission",
  "pk": 42,
  "fields": {
    "name": "Can change order",
    "content_type": 11,
    "codename": "change_order"
  }
},
{
  "model": "auth.permission",
  "pk": 43,
  "fields": {
    "name": "Can delete order",
    "content_type": 11,
    "codename": "delete_order"
  }
},
{
  "model": "auth.permission",
  "pk": 44,
  "fields": {
    "name": "Can view order",
    "content_type": 11,
    "codename": "view_order"
  }
},
{
  "model": "auth.permission",
  "pk": 45,
  "fields": {
    "name": "Can add product order",
    "content_type": 12,
    "codename": "add_productorder"
  }
},
{
  "model": "auth.permission",
  "pk": 46,
  "fields": {
    "name": "Can change product order",
    "content_type": 12,
    "codename": "change_productorder"
  }
},
{
  "model": "auth.permission",
  "pk": 47,
  "fields": {
    "name": "Can delete product order",
    "content_type": 12,
    "codename": "delete_productorder"
  }
},
{
  "model": "auth.permission",
  "pk": 48,
  "fields": {
    "name": "Can view product order",
    "content_type": 12,
    "codename": "view_productorder"
  }
},
{
  "model": "auth.user",
  "pk": 1,
  "fields": {
    "password": "pbkdf2_sha256$120000$PpdapNeeVSfF$H5cMUfmixV7cbjH3agh/aMh6yYRTacIlCCkIFZU05G8=",
    "last_login": "2019-02-07T20:15:23Z",
    "is_superuser": true,
    "username": "edawson",
    "first_name": "Elyse",
    "last_name": "Dawson",
    "email": "dawson.elyse@gmail.com",
    "is_staff": true,
    "is_active": true,
    "date_joined": "2019-02-07T20:10:20Z",
    "groups": [],
    "user_permissions": []
  }
},
{
  "model": "auth.user",
  "pk": 2,
  "fields": {
    "password": "pbkdf2_sha256$120000$ABPVzFq4Qgu2$nHeqnpXvUju2VYOlAlLK+YuGY8gqhTjBHhbLHXV0Mb8=",
    "last_login": null,
    "is_superuser": true,
    "username": "ousama",
    "first_name": "Ousama",
    "last_name": "Elayan",
    "email": "ousama@bangazon.com",
    "is_staff": true,
    "is_active": true,
    "date_joined": "2019-02-07T20:16:31Z",
    "groups": [],
    "user_permissions": []
  }
},
{
  "model": "auth.user",
  "pk": 3,
  "fields": {
    "password": "pbkdf2_sha256$120000$FEtsZ8qIFhl6$WVRt4i21/2/VOZVeKLREGbhbMHDjWWNWMNPvU+WJCNQ=",
    "last_login": null,
    "is_superuser": false,
    "username": "sally",
    "first_name": "Sally",
    "last_name": "Draper",
    "email": "mad@men.com",
    "is_staff": false,
    "is_active": true,
    "date_joined": "2019-02-07T20:17:17Z",
    "groups": [],
    "user_permissions": []
  }
},
{
  "model": "auth.user",
  "pk": 4,
  "fields": {
    "password": "pbkdf2_sha256$120000$azl8IOOcPpc3$MICZwZEqjFqdm+lkrYjLULvJKzA1MkJF4IzjFq5Dzmc=",
    "last_login": null,
    "is_superuser": false,
    "username": "bnilsen",
    "first_name": "Bryan",
    "last_name": "Nilsen",
    "email": "bnilsen@yahoo.com",
    "is_staff": false,
    "is_active": true,
    "date_joined": "2019-02-07T20:17:27Z",
    "groups": [],
    "user_permissions": []
  }
},
{
  "model": "auth.user",
  "pk": 5,
  "fields": {
    "password": "pbkdf2_sha256$120000$tZxKtJfRuooA$z7d2o+f++fIlmVgwV0OIkwdF+FG87VQEQvjOr6UFfWA=",
    "last_login": null,
    "is_superuser": false,
    "username": "lesley",
    "first_name": "Lesley",
    "last_name": "Boyd",
    "email": "lesley@bangazon.com",
    "is_staff": false,
    "is_active": true,
    "date_joined": "2019-02-07T20:17:39Z",
    "groups": [],
    "user_permissions": []
  }
},
{
  "model": "auth.user",
  "pk": 6,
  "fields": {
    "password": "pbkdf2_sha256$120000$tCWD0LN9ySJE$By0J62FtW2MEV3IxJtOGauKjQnRbKlNXS4NLJNo9Ocs=",
    "last_login": null,
    "is_superuser": false,
    "username": "khammet",
    "first_name": "Kirk",
    "last_name": "Hammett",
    "email": "ride@thelightning.com",
    "is_staff": false,
    "is_active": true,
    "date_joined": "2019-02-07T20:17:48Z",
    "groups": [],
    "user_permissions": []
  }
},
{
  "model": "auth.user",
  "pk": 7,
  "fields": {
    "password": "pbkdf2_sha256$120000$PUX435m38FSs$XFd6dsg0HARcGQZyCNK9dyFcv7hVEACVaKnC+z5Jlcw=",
    "last_login": null,
    "is_superuser": false,
    "username": "fred",
    "first_name": "Fred",
    "last_name": "Farthington",
    "email": "fred@fred.com",
    "is_staff": false,
    "is_active": true,
    "date_joined": "2019-02-07T20:17:58Z",
    "groups": [],
    "user_permissions": []
  }
},
{
  "model": "auth.user",
  "pk": 8,
  "fields": {
    "password": "pbkdf2_sha256$120000$Qe6VuPcFPsLM$zeYTINlANmgApJ0R3h0QxpUZoXk/BV1zW/e80ZMyxFE=",
    "last_login": null,
    "is_superuser": false,
    "username": "marcy",
    "first_name": "Marcy",
    "last_name": "Elayan",
    "email": "marcy@bangazon.com",
    "is_staff": false,
    "is_active": true,
    "date_joined": "2019-02-07T20:18:15Z",
    "groups": [],
    "user_permissions": []
  }
},
{
  "model": "auth.user",
  "pk": 9,
  "fields": {
    "password": "pbkdf2_sha256$120000$0OejfouNeFMt$rzmd9gxmeSmd+/s8Q1NX8+krNwR3U5HeAFNoWxZN8vQ=",
    "last_login": null,
    "is_superuser": false,
    "username": "jhetfield",
    "first_name": "James",
    "last_name": "Hetfield",
    "email": "master@puppets.com",
    "is_staff": false,
    "is_active": true,
    "date_joined": "2019-02-07T20:18:19Z",
    "groups": [],
    "user_permissions": []
  }
},
{
  "model": "auth.user",
  "pk": 10,
  "fields": {
    "password": "pbkdf2_sha256$120000$XzEqsxk7ITee$/wCxZ8i6q6MnyGzA0OUJOna2/f5xzbwh2DERThVJu+k=",
    "last_login": null,
    "is_superuser": false,
    "username": "lulrich",
    "first_name": "Lars",
    "last_name": "Ulrich",
    "email": "metal@llica.com",
    "is_staff": false,
    "is_active": true,
    "date_joined": "2019-02-07T20:18:55Z",
    "groups": [],
    "user_permissions": []
  }
},
{
  "model": "auth.user",
  "pk": 11,
  "fields": {
    "password": "pbkdf2_sha256$120000$EW7p20PWsfuW$ghX0RAboxHc5t3k4TAeX8lAJRgMD6jtdu7WibVk7JT4=",
    "last_login": null,
    "is_superuser": false,
    "username": "olive",
    "first_name": "Olive",
    "last_name": "Elayan",
    "email": "olive@bangazon.com",
    "is_staff": false,
    "is_active": true,
    "date_joined": "2019-02-07T20:23:46Z",
    "groups": [],
    "user_permissions": []
  }
},
{
  "model": "auth.user",
  "pk": 12,
  "fields": {
    "password": "pbkdf2_sha256$120000$gMpCX8cDr3og$UvebDbcZBkuzMPGs86c0ERNqMseCY2S6AJi2L54dg9g=",
    "last_login": null,
    "is_superuser": false,
    "username": "evedder",
    "first_name": "Edward",
    "last_name": "Vedder",
    "email": "eddie@pjrocks.com",
    "is_staff": false,
    "is_active": true,
    "date_joined": "2019-02-07T20:46:03Z",
    "groups": [],
    "user_permissions": []
  }
},
{
  "model": "auth.user",
  "pk": 13,
  "fields": {
    "password": "pbkdf2_sha256$120000$awGZR3wc8NUu$LyBnCVijCyYay0Sy7dJoHlV6fKWA3Uy2kfAO8IS2U8A=",
    "last_login": null,
    "is_superuser": false,
    "username": "mmcready",
    "first_name": "Mike",
    "last_name": "McCready",
    "email": "mike@mike.com",
    "is_staff": false,
    "is_active": true,
    "date_joined": "2019-02-07T20:46:27Z",
    "groups": [],
    "user_permissions": []
  }
},
{
  "model": "website.customer",
  "pk": 1,
  "fields": {
    "user": 4,
    "address": "99 Swishlist Road",
    "phoneNum": 5556789,
    "deletedDate": null
  }
},
{
  "model": "website.customer",
  "pk": 2,
  "fields": {
    "user": 1,
    "address": "87 Awesome Developer Circle",
    "phoneNum": 5551234,
    "deletedDate": null
  }
},
{
  "model": "website.customer",
  "pk": 3,
  "fields": {
    "user": 7,
    "address": "12 Freedom Boulevard",
    "phoneNum": 5553344,
    "deletedDate": null
  }
},
{
  "model": "website.customer",
  "pk": 4,
  "fields": {
    "user": 9,
    "address": "666 Seekanddestroy Avenue",
    "phoneNum": 6661234,
    "deletedDate": null
  }
},
{
  "model": "website.customer",
  "pk": 5,
  "fields": {
    "user": 6,
    "address": "99 Orion Lane",
    "phoneNum": 6669999,
    "deletedDate": null
  }
},
{
  "model": "website.customer",
  "pk": 6,
  "fields": {
    "user": 5,
    "address": "1 Awesome Coder Street",
    "phoneNum": 1239876,
    "deletedDate": null
  }
},
{
  "model": "website.customer",
  "pk": 7,
  "fields": {
    "user": 10,
    "address": "45 Drummer Drive",
    "phoneNum": 6667878,
    "deletedDate": null
  }
},
{
  "model": "website.customer",
  "pk": 8,
  "fields": {
    "user": 8,
    "address": "89 Bedford Avenue",
    "phoneNum": 6461234,
    "deletedDate": null
  }
},
{
  "model": "website.customer",
  "pk": 9,
  "fields": {
    "user": 11,
    "address": "56 Garden Street",
    "phoneNum": 7188989,
    "deletedDate": null
  }
},
{
  "model": "website.customer",
  "pk": 10,
  "fields": {
    "user": 2,
    "address": "500 Interstate Boulevard",
    "phoneNum": 4445555,
    "deletedDate": null
  }
},
{
  "model": "website.customer",
  "pk": 11,
  "fields": {
    "user": 3,
    "address": "78-09 Party Rock Anthem Circle",
    "phoneNum": 4567890,
    "deletedDate": null
  }
},
{
  "model": "website.customer",
  "pk": 12,
  "fields": {
    "user": 12,
    "address": "12 I'm Still Alive",
    "phoneNum": 1234567,
    "deletedDate": null
  }
},
{
  "model": "website.customer",
  "pk": 13,
  "fields": {
    "user": 13,
    "address": "677 Yellow Ledbetter Boulevard",
    "phoneNum": 1234567,
    "deletedDate": null
  }
},
{
  "model": "admin.logentry",
  "pk": 1,
  "fields": {
    "action_time": "2019-02-07T20:16:31.252Z",
    "user": 1,
    "content_type": 4,
    "object_id": "2",
    "object_repr": "ousama",
    "action_flag": 1,
    "change_message": "[{\"added\": {}}]"
  }
},
{
  "model": "admin.logentry",
  "pk": 2,
  "fields": {
    "action_time": "2019-02-07T20:17:15.584Z",
    "user": 1,
    "content_type": 4,
    "object_id": "2",
    "object_repr": "ousama",
    "action_flag": 2,
    "change_message": "[{\"changed\": {\"fields\": [\"first_name\", \"last_name\", \"email\", \"is_staff\", \"is_superuser\"]}}]"
  }
},
{
  "model": "admin.logentry",
  "pk": 3,
  "fields": {
    "action_time": "2019-02-07T20:17:17.757Z",
    "user": 1,
    "content_type": 4,
    "object_id": "3",
    "object_repr": "sally",
    "action_flag": 1,
    "change_message": "[{\"added\": {}}]"
  }
},
{
  "model": "admin.logentry",
  "pk": 4,
  "fields": {
    "action_time": "2019-02-07T20:17:27.665Z",
    "user": 1,
    "content_type": 4,
    "object_id": "4",
    "object_repr": "bnilsen",
    "action_flag": 1,
    "change_message": "[{\"added\": {}}]"
  }
},
{
  "model": "admin.logentry",
  "pk": 5,
  "fields": {
    "action_time": "2019-02-07T20:17:39.517Z",
    "user": 1,
    "content_type": 4,
    "object_id": "5",
    "object_repr": "lesley",
    "action_flag": 1,
    "change_message": "[{\"added\": {}}]"
  }
},
{
  "model": "admin.logentry",
  "pk": 6,
  "fields": {
    "action_time": "2019-02-07T20:17:48.606Z",
    "user": 1,
    "content_type": 4,
    "object_id": "6",
    "object_repr": "khammet",
    "action_flag": 1,
    "change_message": "[{\"added\": {}}]"
  }
},
{
  "model": "admin.logentry",
  "pk": 7,
  "fields": {
    "action_time": "2019-02-07T20:17:58.709Z",
    "user": 1,
    "content_type": 4,
    "object_id": "7",
    "object_repr": "fred",
    "action_flag": 1,
    "change_message": "[{\"added\": {}}]"
  }
},
{
  "model": "admin.logentry",
  "pk": 8,
  "fields": {
    "action_time": "2019-02-07T20:18:08.749Z",
    "user": 1,
    "content_type": 4,
    "object_id": "7",
    "object_repr": "fred",
    "action_flag": 2,
    "change_message": "[]"
  }
},
{
  "model": "admin.logentry",
  "pk": 9,
  "fields": {
    "action_time": "2019-02-07T20:18:15.348Z",
    "user": 1,
    "content_type": 4,
    "object_id": "8",
    "object_repr": "marcy",
    "action_flag": 1,
    "change_message": "[{\"added\": {}}]"
  }
},
{
  "model": "admin.logentry",
  "pk": 10,
  "fields": {
    "action_time": "2019-02-07T20:18:19.334Z",
    "user": 1,
    "content_type": 4,
    "object_id": "9",
    "object_repr": "jhetfield",
    "action_flag": 1,
    "change_message": "[{\"added\": {}}]"
  }
},
{
  "model": "admin.logentry",
  "pk": 11,
  "fields": {
    "action_time": "2019-02-07T20:18:20.645Z",
    "user": 1,
    "content_type": 4,
    "object_id": "8",
    "object_repr": "marcy",
    "action_flag": 2,
    "change_message": "[]"
  }
},
{
  "model": "admin.logentry",
  "pk": 12,
  "fields": {
    "action_time": "2019-02-07T20:18:55.604Z",
    "user": 1,
    "content_type": 4,
    "object_id": "10",
    "object_repr": "lulrich",
    "action_flag": 1,
    "change_message": "[{\"added\": {}}]"
  }
},
{
  "model": "admin.logentry",
  "pk": 13,
  "fields": {
    "action_time": "2019-02-07T20:23:46.912Z",
    "user": 1,
    "content_type": 4,
    "object_id": "11",
    "object_repr": "olive",
    "action_flag": 1,
    "change_message": "[{\"added\": {}}]"
  }
},
{
  "model": "admin.logentry",
  "pk": 14,
  "fields": {
    "action_time": "2019-02-07T20:23:53.924Z",
    "user": 1,
    "content_type": 4,
    "object_id": "11",
    "object_repr": "olive",
    "action_flag": 2,
    "change_message": "[]"
  }
},
{
  "model": "admin.logentry",
  "pk": 15,
  "fields": {
    "action_time": "2019-02-07T20:25:13.047Z",
    "user": 1,
    "content_type": 7,
    "object_id": "1",
    "object_repr": "Customer object (1)",
    "action_flag": 1,
    "change_message": "[{\"added\": {}}]"
  }
},
{
  "model": "admin.logentry",
  "pk": 16,
  "fields": {
    "action_time": "2019-02-07T20:25:19.567Z",
    "user": 1,
    "content_type": 7,
    "object_id": "1",
    "object_repr": "Customer object (1)",
    "action_flag": 2,
    "change_message": "[]"
  }
},
{
  "model": "admin.logentry",
  "pk": 17,
  "fields": {
    "action_time": "2019-02-07T20:25:29.624Z",
    "user": 1,
    "content_type": 8,
    "object_id": "1",
    "object_repr": "ProductType object (1)",
    "action_flag": 1,
    "change_message": "[{\"added\": {}}]"
  }
},
{
  "model": "admin.logentry",
  "pk": 18,
  "fields": {
    "action_time": "2019-02-07T20:25:52.864Z",
    "user": 1,
    "content_type": 8,
    "object_id": "2",
    "object_repr": "ProductType object (2)",
    "action_flag": 1,
    "change_message": "[{\"added\": {}}]"
  }
},
{
  "model": "admin.logentry",
  "pk": 19,
  "fields": {
    "action_time": "2019-02-07T20:25:57.624Z",
    "user": 1,
    "content_type": 8,
    "object_id": "3",
    "object_repr": "ProductType object (3)",
    "action_flag": 1,
    "change_message": "[{\"added\": {}}]"
  }
},
{
  "model": "admin.logentry",
  "pk": 20,
  "fields": {
    "action_time": "2019-02-07T20:25:58.210Z",
    "user": 1,
    "content_type": 7,
    "object_id": "2",
    "object_repr": "Customer object (2)",
    "action_flag": 1,
    "change_message": "[{\"added\": {}}]"
  }
},
{
  "model": "admin.logentry",
  "pk": 21,
  "fields": {
    "action_time": "2019-02-07T20:26:05.669Z",
    "user": 1,
    "content_type": 8,
    "object_id": "4",
    "object_repr": "ProductType object (4)",
    "action_flag": 1,
    "change_message": "[{\"added\": {}}]"
  }
},
{
  "model": "admin.logentry",
  "pk": 22,
  "fields": {
    "action_time": "2019-02-07T20:27:25.620Z",
    "user": 1,
    "content_type": 7,
    "object_id": "3",
    "object_repr": "Customer object (3)",
    "action_flag": 1,
    "change_message": "[{\"added\": {}}]"
  }
},
{
  "model": "admin.logentry",
  "pk": 23,
  "fields": {
    "action_time": "2019-02-07T20:30:37.768Z",
    "user": 1,
    "content_type": 4,
    "object_id": "4",
    "object_repr": "bnilsen",
    "action_flag": 2,
    "change_message": "[{\"changed\": {\"fields\": [\"first_name\", \"last_name\", \"email\"]}}]"
  }
},
{
  "model": "admin.logentry",
  "pk": 24,
  "fields": {
    "action_time": "2019-02-07T20:31:33.535Z",
    "user": 1,
    "content_type": 4,
    "object_id": "8",
    "object_repr": "marcy",
    "action_flag": 2,
    "change_message": "[{\"changed\": {\"fields\": [\"first_name\", \"last_name\", \"email\"]}}]"
  }
},
{
  "model": "admin.logentry",
  "pk": 25,
  "fields": {
    "action_time": "2019-02-07T20:31:42.837Z",
    "user": 1,
    "content_type": 4,
    "object_id": "1",
    "object_repr": "edawson",
    "action_flag": 2,
    "change_message": "[{\"changed\": {\"fields\": [\"first_name\", \"last_name\"]}}]"
  }
},
{
  "model": "admin.logentry",
  "pk": 26,
  "fields": {
    "action_time": "2019-02-07T20:31:44.986Z",
    "user": 1,
    "content_type": 4,
    "object_id": "11",
    "object_repr": "olive",
    "action_flag": 2,
    "change_message": "[{\"changed\": {\"fields\": [\"first_name\", \"last_name\", \"email\"]}}]"
  }
},
{
  "model": "admin.logentry",
  "pk": 27,
  "fields": {
    "action_time": "2019-02-07T20:31:54.873Z",
    "user": 1,
    "content_type": 4,
    "object_id": "7",
    "object_repr": "fred",
    "action_flag": 2,
    "change_message": "[{\"changed\": {\"fields\": [\"first_name\", \"last_name\"]}}]"
  }
},
{
  "model": "admin.logentry",
  "pk": 28,
  "fields": {
    "action_time": "2019-02-07T20:32:01.564Z",
    "user": 1,
    "content_type": 4,
    "object_id": "10",
    "object_repr": "lulrich",
    "action_flag": 2,
    "change_message": "[{\"changed\": {\"fields\": [\"first_name\", \"last_name\", \"email\"]}}]"
  }
},
{
  "model": "admin.logentry",
  "pk": 29,
  "fields": {
    "action_time": "2019-02-07T20:32:07.039Z",
    "user": 1,
    "content_type": 4,
    "object_id": "7",
    "object_repr": "fred",
    "action_flag": 2,
    "change_message": "[{\"changed\": {\"fields\": [\"email\"]}}]"
  }
},
{
  "model": "admin.logentry",
  "pk": 30,
  "fields": {
    "action_time": "2019-02-07T20:32:14.883Z",
    "user": 1,
    "content_type": 4,
    "object_id": "5",
    "object_repr": "lesley",
    "action_flag": 2,
    "change_message": "[{\"changed\": {\"fields\": [\"first_name\", \"last_name\", \"email\"]}}]"
  }
},
{
  "model": "admin.logentry",
  "pk": 31,
  "fields": {
    "action_time": "2019-02-07T20:32:27.067Z",
    "user": 1,
    "content_type": 4,
    "object_id": "3",
    "object_repr": "sally",
    "action_flag": 2,
    "change_message": "[{\"changed\": {\"fields\": [\"first_name\", \"last_name\", \"email\"]}}]"
  }
},
{
  "model": "admin.logentry",
  "pk": 32,
  "fields": {
    "action_time": "2019-02-07T20:32:34.295Z",
    "user": 1,
    "content_type": 4,
    "object_id": "9",
    "object_repr": "jhetfield",
    "action_flag": 2,
    "change_message": "[{\"changed\": {\"fields\": [\"first_name\", \"last_name\", \"email\"]}}]"
  }
},
{
  "model": "admin.logentry",
  "pk": 33,
  "fields": {
    "action_time": "2019-02-07T20:32:51.992Z",
    "user": 1,
    "content_type": 4,
    "object_id": "6",
    "object_repr": "khammet",
    "action_flag": 2,
    "change_message": "[{\"changed\": {\"fields\": [\"first_name\", \"last_name\", \"email\"]}}]"
  }
},
{
  "model": "admin.logentry",
  "pk": 34,
  "fields": {
    "action_time": "2019-02-07T20:33:02.883Z",
    "user": 1,
    "content_type": 4,
    "object_id": "6",
    "object_repr": "khammet",
    "action_flag": 2,
    "change_message": "[]"
  }
},
{
  "model": "admin.logentry",
  "pk": 35,
  "fields": {
    "action_time": "2019-02-07T20:35:52.658Z",
    "user": 1,
    "content_type": 8,
    "object_id": "5",
    "object_repr": "Computers",
    "action_flag": 1,
    "change_message": "[{\"added\": {}}]"
  }
},
{
  "model": "admin.logentry",
  "pk": 36,
  "fields": {
    "action_time": "2019-02-07T20:36:22.076Z",
    "user": 1,
    "content_type": 8,
    "object_id": "6",
    "object_repr": "Jewelry",
    "action_flag": 1,
    "change_message": "[{\"added\": {}}]"
  }
},
{
  "model": "admin.logentry",
  "pk": 37,
  "fields": {
    "action_time": "2019-02-07T20:36:45.710Z",
    "user": 1,
    "content_type": 10,
    "object_id": "1",
    "object_repr": "Metallica AMEX",
    "action_flag": 1,
    "change_message": "[{\"added\": {}}]"
  }
},
{
  "model": "admin.logentry",
  "pk": 38,
  "fields": {
    "action_time": "2019-02-07T20:38:02.961Z",
    "user": 1,
    "content_type": 7,
    "object_id": "4",
    "object_repr": "James Hetfield",
    "action_flag": 1,
    "change_message": "[{\"added\": {}}]"
  }
},
{
  "model": "admin.logentry",
  "pk": 39,
  "fields": {
    "action_time": "2019-02-07T20:38:39.591Z",
    "user": 1,
    "content_type": 7,
    "object_id": "5",
    "object_repr": "Kirk Hammett",
    "action_flag": 1,
    "change_message": "[{\"added\": {}}]"
  }
},
{
  "model": "admin.logentry",
  "pk": 40,
  "fields": {
    "action_time": "2019-02-07T20:39:07.048Z",
    "user": 1,
    "content_type": 7,
    "object_id": "6",
    "object_repr": "Lesley Boyd",
    "action_flag": 1,
    "change_message": "[{\"added\": {}}]"
  }
},
{
  "model": "admin.logentry",
  "pk": 41,
  "fields": {
    "action_time": "2019-02-07T20:40:23.046Z",
    "user": 1,
    "content_type": 10,
    "object_id": "2",
    "object_repr": "Bridgestone Company Card",
    "action_flag": 1,
    "change_message": "[{\"added\": {}}]"
  }
},
{
  "model": "admin.logentry",
  "pk": 42,
  "fields": {
    "action_time": "2019-02-07T20:41:06.883Z",
    "user": 1,
    "content_type": 7,
    "object_id": "7",
    "object_repr": "Lars Ulrich",
    "action_flag": 1,
    "change_message": "[{\"added\": {}}]"
  }
},
{
  "model": "admin.logentry",
  "pk": 43,
  "fields": {
    "action_time": "2019-02-07T20:41:33.855Z",
    "user": 1,
    "content_type": 7,
    "object_id": "8",
    "object_repr": "Marcy Elayan",
    "action_flag": 1,
    "change_message": "[{\"added\": {}}]"
  }
},
{
  "model": "admin.logentry",
  "pk": 44,
  "fields": {
    "action_time": "2019-02-07T20:41:38.322Z",
    "user": 1,
    "content_type": 10,
    "object_id": "3",
    "object_repr": "SEGA Gift Card",
    "action_flag": 1,
    "change_message": "[{\"added\": {}}]"
  }
},
{
  "model": "admin.logentry",
  "pk": 45,
  "fields": {
    "action_time": "2019-02-07T20:42:16.914Z",
    "user": 1,
    "content_type": 10,
    "object_id": "4",
    "object_repr": "Dog Hair Visa",
    "action_flag": 1,
    "change_message": "[{\"added\": {}}]"
  }
},
{
  "model": "admin.logentry",
  "pk": 46,
  "fields": {
    "action_time": "2019-02-07T20:44:05.227Z",
    "user": 1,
    "content_type": 7,
    "object_id": "9",
    "object_repr": "Olive Elayan",
    "action_flag": 1,
    "change_message": "[{\"added\": {}}]"
  }
},
{
  "model": "admin.logentry",
  "pk": 47,
  "fields": {
    "action_time": "2019-02-07T20:44:14.691Z",
    "user": 1,
    "content_type": 9,
    "object_id": "1",
    "object_repr": "24K Gold Necklace",
    "action_flag": 1,
    "change_message": "[{\"added\": {}}]"
  }
},
{
  "model": "admin.logentry",
  "pk": 48,
  "fields": {
    "action_time": "2019-02-07T20:44:19.430Z",
    "user": 1,
    "content_type": 10,
    "object_id": "5",
    "object_repr": "MasterCard of Puppets",
    "action_flag": 1,
    "change_message": "[{\"added\": {}}]"
  }
},
{
  "model": "admin.logentry",
  "pk": 49,
  "fields": {
    "action_time": "2019-02-07T20:44:37.713Z",
    "user": 1,
    "content_type": 7,
    "object_id": "10",
    "object_repr": "Ousama Elayan",
    "action_flag": 1,
    "change_message": "[{\"added\": {}}]"
  }
},
{
  "model": "admin.logentry",
  "pk": 50,
  "fields": {
    "action_time": "2019-02-07T20:45:14.223Z",
    "user": 1,
    "content_type": 7,
    "object_id": "11",
    "object_repr": "Sally Draper",
    "action_flag": 1,
    "change_message": "[{\"added\": {}}]"
  }
},
{
  "model": "admin.logentry",
  "pk": 51,
  "fields": {
    "action_time": "2019-02-07T20:45:28.468Z",
    "user": 1,
    "content_type": 10,
    "object_id": "6",
    "object_repr": "Corgi Citibank",
    "action_flag": 1,
    "change_message": "[{\"added\": {}}]"
  }
},
{
  "model": "admin.logentry",
  "pk": 52,
  "fields": {
    "action_time": "2019-02-07T20:45:49.200Z",
    "user": 1,
    "content_type": 10,
    "object_id": "7",
    "object_repr": "Dad's Discover Card",
    "action_flag": 1,
    "change_message": "[{\"added\": {}}]"
  }
},
{
  "model": "admin.logentry",
  "pk": 53,
  "fields": {
    "action_time": "2019-02-07T20:46:03.934Z",
    "user": 1,
    "content_type": 4,
    "object_id": "12",
    "object_repr": "evedder",
    "action_flag": 1,
    "change_message": "[{\"added\": {}}]"
  }
},
{
  "model": "admin.logentry",
  "pk": 54,
  "fields": {
    "action_time": "2019-02-07T20:46:27.209Z",
    "user": 1,
    "content_type": 4,
    "object_id": "13",
    "object_repr": "mmcready",
    "action_flag": 1,
    "change_message": "[{\"added\": {}}]"
  }
},
{
  "model": "admin.logentry",
  "pk": 55,
  "fields": {
    "action_time": "2019-02-07T20:46:34.976Z",
    "user": 1,
    "content_type": 9,
    "object_id": "2",
    "object_repr": "Ottoman Empire Ottoman",
    "action_flag": 1,
    "change_message": "[{\"added\": {}}]"
  }
},
{
  "model": "admin.logentry",
  "pk": 56,
  "fields": {
    "action_time": "2019-02-07T20:46:44.722Z",
    "user": 1,
    "content_type": 4,
    "object_id": "13",
    "object_repr": "mmcready",
    "action_flag": 2,
    "change_message": "[{\"changed\": {\"fields\": [\"first_name\", \"last_name\", \"email\"]}}]"
  }
},
{
  "model": "admin.logentry",
  "pk": 57,
  "fields": {
    "action_time": "2019-02-07T20:47:05.198Z",
    "user": 1,
    "content_type": 10,
    "object_id": "8",
    "object_repr": "Capital One Card",
    "action_flag": 1,
    "change_message": "[{\"added\": {}}]"
  }
},
{
  "model": "admin.logentry",
  "pk": 58,
  "fields": {
    "action_time": "2019-02-07T20:47:13.737Z",
    "user": 1,
    "content_type": 4,
    "object_id": "12",
    "object_repr": "evedder",
    "action_flag": 2,
    "change_message": "[{\"changed\": {\"fields\": [\"first_name\", \"last_name\", \"email\"]}}]"
  }
},
{
  "model": "admin.logentry",
  "pk": 59,
  "fields": {
    "action_time": "2019-02-07T20:47:49.176Z",
    "user": 1,
    "content_type": 7,
    "object_id": "12",
    "object_repr": "Edward Vedder",
    "action_flag": 1,
    "change_message": "[{\"added\": {}}]"
  }
},
{
  "model": "admin.logentry",
  "pk": 60,
  "fields": {
    "action_time": "2019-02-07T20:48:18.768Z",
    "user": 1,
    "content_type": 7,
    "object_id": "13",
    "object_repr": "Mike McCready",
    "action_flag": 1,
    "change_message": "[{\"added\": {}}]"
  }
},
{
  "model": "admin.logentry",
  "pk": 61,
  "fields": {
    "action_time": "2019-02-07T20:48:46.441Z",
    "user": 1,
    "content_type": 9,
    "object_id": "3",
    "object_repr": "Bulitt Mustang",
    "action_flag": 1,
    "change_message": "[{\"added\": {}}]"
  }
},
{
  "model": "admin.logentry",
  "pk": 62,
  "fields": {
    "action_time": "2019-02-07T20:49:39.415Z",
    "user": 1,
    "content_type": 11,
    "object_id": "1",
    "object_repr": "1",
    "action_flag": 1,
    "change_message": "[{\"added\": {}}]"
  }
},
{
  "model": "admin.logentry",
  "pk": 63,
  "fields": {
    "action_time": "2019-02-07T20:49:42.477Z",
    "user": 1,
    "content_type": 11,
    "object_id": "2",
    "object_repr": "2",
    "action_flag": 1,
    "change_message": "[{\"added\": {}}]"
  }
},
{
  "model": "admin.logentry",
  "pk": 64,
  "fields": {
    "action_time": "2019-02-07T20:50:32.636Z",
    "user": 1,
    "content_type": 11,
    "object_id": "3",
    "object_repr": "3",
    "action_flag": 1,
    "change_message": "[{\"added\": {}}]"
  }
},
{
  "model": "admin.logentry",
  "pk": 65,
  "fields": {
    "action_time": "2019-02-07T20:50:56.009Z",
    "user": 1,
    "content_type": 11,
    "object_id": "1",
    "object_repr": "1",
    "action_flag": 2,
    "change_message": "[{\"changed\": {\"fields\": [\"deletedDate\"]}}]"
  }
},
{
  "model": "admin.logentry",
  "pk": 66,
  "fields": {
    "action_time": "2019-02-07T20:51:30.124Z",
    "user": 1,
    "content_type": 12,
    "object_id": "1",
    "object_repr": "1",
    "action_flag": 1,
    "change_message": "[{\"added\": {}}]"
  }
},
{
  "model": "admin.logentry",
  "pk": 67,
  "fields": {
    "action_time": "2019-02-07T21:03:28.131Z",
    "user": 1,
    "content_type": 11,
    "object_id": "1",
    "object_repr": "1",
    "action_flag": 2,
    "change_message": "[{\"changed\": {\"fields\": [\"deletedDate\"]}}]"
  }
},
{
  "model": "admin.logentry",
  "pk": 68,
  "fields": {
    "action_time": "2019-02-07T21:09:14.891Z",
    "user": 1,
    "content_type": 12,
    "object_id": "2",
    "object_repr": "2",
    "action_flag": 1,
    "change_message": "[{\"added\": {}}]"
  }
},
{
  "model": "admin.logentry",
  "pk": 69,
  "fields": {
    "action_time": "2019-02-07T21:10:37.987Z",
    "user": 1,
    "content_type": 9,
    "object_id": "4",
    "object_repr": "The Total Money Makeover",
    "action_flag": 1,
    "change_message": "[{\"added\": {}}]"
  }
},
{
  "model": "admin.logentry",
  "pk": 70,
  "fields": {
    "action_time": "2019-02-07T21:10:55.945Z",
    "user": 1,
    "content_type": 9,
    "object_id": "5",
    "object_repr": "Mid Century Modern Couch",
    "action_flag": 1,
    "change_message": "[{\"added\": {}}]"
  }
},
{
  "model": "admin.logentry",
  "pk": 71,
  "fields": {
    "action_time": "2019-02-07T21:10:59.399Z",
    "user": 1,
    "content_type": 9,
    "object_id": "6",
    "object_repr": "Genuine Dog Fur",
    "action_flag": 1,
    "change_message": "[{\"added\": {}}]"
  }
},
{
  "model": "admin.logentry",
  "pk": 72,
  "fields": {
    "action_time": "2019-02-07T21:11:24.798Z",
    "user": 1,
    "content_type": 9,
    "object_id": "7",
    "object_repr": "Amethyst Pendant",
    "action_flag": 1,
    "change_message": "[{\"added\": {}}]"
  }
},
{
  "model": "admin.logentry",
  "pk": 73,
  "fields": {
    "action_time": "2019-02-07T21:11:31.403Z",
    "user": 1,
    "content_type": 9,
    "object_id": "8",
    "object_repr": "Woof of the Heart",
    "action_flag": 1,
    "change_message": "[{\"added\": {}}]"
  }
},
{
  "model": "admin.logentry",
  "pk": 74,
  "fields": {
    "action_time": "2019-02-07T21:11:34.697Z",
    "user": 1,
    "content_type": 11,
    "object_id": "4",
    "object_repr": "4",
    "action_flag": 1,
    "change_message": "[{\"added\": {}}]"
  }
},
{
  "model": "admin.logentry",
  "pk": 75,
  "fields": {
    "action_time": "2019-02-07T21:11:46.873Z",
    "user": 1,
    "content_type": 10,
    "object_id": "4",
    "object_repr": "Marcy's Dog Bone Visa",
    "action_flag": 2,
    "change_message": "[{\"changed\": {\"fields\": [\"name\"]}}]"
  }
},
{
  "model": "admin.logentry",
  "pk": 76,
  "fields": {
    "action_time": "2019-02-07T21:11:53.792Z",
    "user": 1,
    "content_type": 9,
    "object_id": "9",
    "object_repr": "2005 Toyota Tacoma",
    "action_flag": 1,
    "change_message": "[{\"added\": {}}]"
  }
},
{
  "model": "admin.logentry",
  "pk": 77,
  "fields": {
    "action_time": "2019-02-07T21:11:59.225Z",
    "user": 1,
    "content_type": 9,
    "object_id": "10",
    "object_repr": "Lemon",
    "action_flag": 1,
    "change_message": "[{\"added\": {}}]"
  }
},
{
  "model": "admin.logentry",
  "pk": 78,
  "fields": {
    "action_time": "2019-02-07T21:12:11.228Z",
    "user": 1,
    "content_type": 12,
    "object_id": "3",
    "object_repr": "3",
    "action_flag": 1,
    "change_message": "[{\"added\": {}}]"
  }
},
{
  "model": "admin.logentry",
  "pk": 79,
  "fields": {
    "action_time": "2019-02-07T21:12:50.507Z",
    "user": 1,
    "content_type": 8,
    "object_id": "7",
    "object_repr": "Misc",
    "action_flag": 1,
    "change_message": "[{\"added\": {}}]"
  }
},
{
  "model": "admin.logentry",
  "pk": 80,
  "fields": {
    "action_time": "2019-02-07T21:13:59.326Z",
    "user": 1,
    "content_type": 9,
    "object_id": "11",
    "object_repr": "Sally's Commodore 86",
    "action_flag": 1,
    "change_message": "[{\"added\": {}}]"
  }
},
{
  "model": "admin.logentry",
  "pk": 81,
  "fields": {
    "action_time": "2019-02-07T21:14:43.225Z",
    "user": 1,
    "content_type": 9,
    "object_id": "12",
    "object_repr": "Lesley's Rave Damsey's Bald Cap",
    "action_flag": 1,
    "change_message": "[{\"added\": {}}]"
  }
},
{
  "model": "admin.logentry",
  "pk": 82,
  "fields": {
    "action_time": "2019-02-07T21:15:04.572Z",
    "user": 1,
    "content_type": 11,
    "object_id": "5",
    "object_repr": "5",
    "action_flag": 1,
    "change_message": "[{\"added\": {}}]"
  }
},
{
  "model": "admin.logentry",
  "pk": 83,
  "fields": {
    "action_time": "2019-02-07T21:15:24.297Z",
    "user": 1,
    "content_type": 12,
    "object_id": "4",
    "object_repr": "4",
    "action_flag": 1,
    "change_message": "[{\"added\": {}}]"
  }
},
{
  "model": "admin.logentry",
  "pk": 84,
  "fields": {
    "action_time": "2019-02-07T21:15:36.712Z",
    "user": 1,
    "content_type": 12,
    "object_id": "5",
    "object_repr": "5",
    "action_flag": 1,
    "change_message": "[{\"added\": {}}]"
  }
},
{
  "model": "admin.logentry",
  "pk": 85,
  "fields": {
    "action_time": "2019-02-07T21:16:00.144Z",
    "user": 1,
    "content_type": 9,
    "object_id": "13",
    "object_repr": "Ousama's Old Banana",
    "action_flag": 1,
    "change_message": "[{\"added\": {}}]"
  }
},
{
  "model": "admin.logentry",
  "pk": 86,
  "fields": {
    "action_time": "2019-02-07T21:19:41.603Z",
    "user": 1,
    "content_type": 9,
    "object_id": "14",
    "object_repr": "James's Master of Puppies",
    "action_flag": 1,
    "change_message": "[{\"added\": {}}]"
  }
}
]
